"id","fname","lname","email","phone1","phone2","fax","address","",""
"2","Sydnee Weimann DVM","Theo Mueller DDS","","663","768","1","6162 Rath Light
Lake Gaetano, RI 93228","2016-08-11 09:17:19","2016-08-11 09:17:19"
"3","Dayana Schneider","Jesus Friesen","","1","441359","","737 Fisher Views
East Randalstad, NE 87914","2016-08-11 09:17:19","2016-08-11 09:17:19"
"4","Jermey Pagac MD","Marlee Stracke","","245","1","1","44005 Gutmann Wall
East Ceasar, DE 32262","2016-08-11 09:17:19","2016-08-11 09:17:19"
"6","احمد","حسام","ahmed@yahoo.com","12121212","222323232","76767676","دمياط-الزرقا","2016-08-11 11:00:28","2016-08-15 07:50:53"
"","","","","","","","","",""
"","","","","","","","","",""
"","","","","","","","","",""
"","","","","","","","","",""
"","","","","","","","","",""
